AHA_NAME,AHA_ID,ST_NAME,DIST_ID,DIST_NAME,RANK,TOTAL_ENROLLED_STUDENTS,ELEM,MIDD,HIGH,2.1.4.1.1,2.1.4.1.2,2.1.4.1.3,2.2.5.1,2.2.5.1.1,2.2.5.1.1.1,2.2.5.1.3,3.1.3.1.0,3.1.3.1.1,3.1.3.1.2,3.1.3.1.3,3.1.3.1.4,3.2.1.1,5.1.4.1,11.1.1,11.1.2
Birmingham,GSA03,Alabama,0100007,HOOVER CITY,4,13448,6122,3194,4132,,,,,,,,,,,,,1,,,
Birmingham,GSA03,Alabama,0100390,BIRMINGHAM CITY,3,25091,12751,5723,6617,,,,,,,,,,,,,1,,,
Birmingham,GSA03,Alabama,0101920,JEFFERSON COUNTY,1,35978,15952,8720,11306,,,,,,,,,,,,,1,,,
Birmingham,GSA03,Alabama,0103030,SHELBY COUNTY,2,28304,13569,6682,8053,,,,,,,,,,,,,1,,,
Birmingham,GSA03,Alabama,0103062,ST CLAIR COUNTY,5,8648,4197,2015,2436,,,,,,,,,,,,,1,,,
Tucson,WSA21,Arizona,0400680,AMPHITHEATER UNIFIED DISTRICT,3,14422,6542,3220,4660,,,,,,,,,,,,,0,,,
Phoenix,WSA14,Arizona,0401870,CHANDLER UNIFIED DISTRICT,2,39555,18914,8958,11637,,,,,,,,,,,,,1,,,
Phoenix,WSA14,Arizona,0403400,GILBERT UNIFIED DISTRICT,3,38311,16541,9351,12419,,,,,,,,,,,,,1,,,
Tucson,WSA21,Arizona,0404630,MARANA UNIFIED DISTRICT,4,12470,5631,2978,3861,,,,,,,,,,,,,1,,,
Phoenix,WSA14,Arizona,0404970,MESA UNIFIED DISTRICT,1,64728,30822,14888,19018,,,,,,,,,,,,,1,,,
Phoenix,WSA14,Arizona,0406250,PEORIA UNIFIED SCHOOL DISTRICT,4,36620,15540,8549,12521,,,,,,,,,,,,,1,,,
Phoenix,WSA14,Arizona,0407750,DEER VALLEY UNIFIED DISTRICT,5,34662,15152,8568,10942,,,,,,,,,,,,,1,,,
Tucson,WSA21,Arizona,0408170,SUNNYSIDE UNIFIED DISTRICT,2,17615,8738,4148,4729,,,,,,,,,,,,,1,,,
Tucson,WSA21,Arizona,0408800,TUCSON UNIFIED DISTRICT,1,51720,25230,11211,15236,,,,,,,,,,,,,1,,,
Tucson,WSA21,Arizona,0408850,VAIL UNIFIED DISTRICT,5,9928,4154,2610,3164,,,,,,,,,,,,,1,,,
Northwest Arkansas,SWA09,Arkansas,0503060,BENTONVILLE SCHOOL DISTRICT,3,14123,7233,3300,3584,,,,,,,,,,,,,1,,,
Little Rock,SWA08,Arkansas,0503750,CABOT SCHOOL DISTRICT,3,10373,5058,2362,2953,,,,,,,,,,,,,1,,,
Little Rock,SWA08,Arkansas,0504590,CONWAY SCHOOL DISTRICT,4,9646,4828,2102,2716,,,,,,,,,,,,,1,,,
Northwest Arkansas,SWA09,Arkansas,0506120,FAYETTEVILLE SCHOOL DISTRICT,4,9017,4497,1984,2536,,,,,,,,,,,,,1,,,
Memphis,GSA06,Arkansas,0508040,WEST MEMPHIS SCHOOL DISTRICT,5,5724,2811,1305,1608,,,,,,,,,,,,,1,,,
Little Rock,SWA08,Arkansas,0509000,LITTLE ROCK SCHOOL DISTRICT,1,25537,13497,5156,6884,,,,,,,,,,,,,1,,,
Little Rock,SWA08,Arkansas,0510680,N. LITTLE ROCK SCHOOL DISTRICT,5,9085,4588,1891,2604,,,,,,,,,,,,,1,,,
Little Rock,SWA08,Arkansas,0511850,PULASKI CO. SPEC. SCHOOL DIST.,2,17637,9398,3659,4580,,,,,,,,,,,,,1,,,
Northwest Arkansas,SWA09,Arkansas,0511970,ROGERS SCHOOL DISTRICT,2,14485,7203,3145,4137,,,,,,,,,,,,,1,,,
Northwest Arkansas,SWA09,Arkansas,0512450,SILOAM SPRINGS SCHOOL DISTRICT,5,4082,1987,912,1183,,,,,,,,,,,,,1,,,
Northwest Arkansas,SWA09,Arkansas,0512660,SPRINGDALE SCHOOL DISTRICT,1,19976,10258,4447,5271,,,,,,,,,,,,,1,,,
Coachella Valley Division,WSA04,California,0600028,TEMECULA VALLEY UNIFIED,4,30267,12947,7353,9921,,,,,,,,,,,,,1,,,
Sacramento Division,WSA15,California,0601332,TWIN RIVERS UNIFIED,4,31637,15232,7126,9279,,,,,,,,,,,,,1,,,
Central Coast Division,WSA02,California,0601414,SANTA BARBARA UNIFIED,1,15326,4937,3917,6472,,,,,,,,,,,,,1,,,
Orange County Division,WSA13,California,0602630,ANAHEIM UNION HIGH,4,32704,0,10506,22198,,,,,,,,,,,,,1,,,
Kern County Division,WSA08,California,0603630,BAKERSFIELD CITY,2,28321,19911,8410,0,,,,,,,,,,,,,1,,,
Central Coast Division,WSA02,California,0605580,SANTA MARIA-BONITA,2,14624,10223,4401,0,,,,,,,,,,,,,1,,,
Kern County Division,WSA08,California,0606390,PANAMA-BUENA VISTA UNION,3,16810,11031,5779,0,,,,,,,,,,,,,1,,,
Orange County Division,WSA13,California,0607440,CAPISTRANO UNIFIED,2,53170,23634,12637,16899,,,,,,,,,,,,,1,,,
Central Valley Division,WSA03,California,0607970,CENTRAL UNIFIED,3,14896,6931,3599,4350,,,,,,,,,,,,,1,,,
San Diego Division,WSA16,California,0608610,CHULA VISTA ELEMENTARY,4,28101,23494,4607,0,,,,,,,,,,,,,1,,,
Central Valley Division,WSA03,California,0609030,CLOVIS UNIFIED,2,39040,17555,9292,12193,,,,,,,,,,,,,1,,,
Coachella Valley Division,WSA04,California,0609850,CORONA-NORCO UNIFIED,1,53467,23424,12476,17567,,,,,,,,,,,,,1,,,
Inland Empire Division,WSA07,California,0609850,CORONA-NORCO UNIFIED,2,53467,23424,12476,17567,,,,,,,,,,,,,1,,,
Silicon Valley,WSA19,California,0610290,CUPERTINO UNION,3,18650,12598,6052,0,,,,,,,,,,,,,1,,,
Kern County Division,WSA08,California,0610890,DELANO UNION ELEMENTARY,5,7712,5387,2320,5,,,,,,,,,,,,,1,,,
Coachella Valley Division,WSA04,California,0611110,DESERT SANDS UNIFIED,5,29199,13032,6757,9410,,,,,,,,,,,,,1,,,
Silicon Valley,WSA19,California,0611820,EAST SIDE UNION HIGH,2,25638,189,47,25281,,,,,,,,,,,,,1,,,
Sacramento Division,WSA15,California,0612330,ELK GROVE UNIFIED,1,62126,27644,14559,19476,,,,,,,,,,,,,1,,,
Silicon Valley,WSA19,California,0613140,EVERGREEN ELEMENTARY,5,13351,8673,4678,0,,,,,,,,,,,,,1,,,
Sacramento Division,WSA15,California,0613890,FOLSOM-CORDOVA UNIFIED,5,19154,9099,4368,5677,,,,,,,,,,,,,1,,,
Inland Empire Division,WSA07,California,0613920,FONTANA UNIFIED,4,40592,18503,9067,13022,,,,,,,,,,,,,1,,,
East Bay Division,WSA05,California,0614400,FREMONT UNIFIED,3,32829,15446,7279,10091,,,,,,,,,,,,,1,,,
Central Valley Division,WSA03,California,0614550,FRESNO UNIFIED,1,74235,35975,16219,22041,,,,,,,,,,,,,1,,,
Orange County Division,WSA13,California,0614880,GARDEN GROVE UNIFIED,3,47999,21323,11172,15504,,,,,,,,,,,,,1,,,
Kern County Division,WSA08,California,0616050,GREENFIELD UNION,4,8512,6029,2465,18,,,,,,,,,,,,,1,,,
Kern County Division,WSA08,California,0619540,KERN UNION HIGH,1,37505,0,0,37505,,,,,,,,,,,,,1,,,
Central Valley Division,WSA03,California,0619700,KINGS CANYON JOINT UNIFIED,5,9841,4671,2136,3034,,,,,,,,,,,,,1,,,
Central Coast Division,WSA02,California,0622410,LOMPOC UNIFIED,3,9802,4606,2201,2995,,,,,,,,,,,,,1,,,
Los Angeles County Division,WSA10,California,0622500,LONG BEACH UNIFIED,2,83691,37843,18720,27128,,,,,,,,,,,,,1,,,
Los Angeles County Division,WSA10,California,0622710,LOS ANGELES UNIFIED,1,659639,311822,143197,204617,,,,,,,,,,,,,1,,,
Los Angeles County Division,WSA10,California,0625470,MONTEBELLO UNIFIED,3,31319,13385,7312,10622,,,,,,,,,,,,,1,,,
Coachella Valley Division,WSA04,California,0625800,MORENO VALLEY UNIFIED,3,35692,16278,8371,11043,,,,,,,,,,,,,1,,,
Inland Empire Division,WSA07,California,0625800,MORENO VALLEY UNIFIED,5,35692,16278,8371,11043,,,,,,,,,,,,,1,,,
East Bay Division,WSA05,California,0626370,MT. DIABLO UNIFIED,2,33977,15736,7609,10632,,,,,,,,,,,,,1,,,
East Bay Division,WSA05,California,0628050,OAKLAND UNIFIED,1,46377,23988,10241,12148,,,,,,,,,,,,,1,,,
Central Coast Division,WSA02,California,0628710,ORCUTT UNION ELEMENTARY,5,5004,2900,1615,489,,,,,,,,,,,,,1,,,
Los Angeles County Division,WSA10,California,0631320,POMONA UNIFIED,4,27737,12887,6186,7582,,,,,,,,,,,,,1,,,
San Diego Division,WSA16,California,0631530,POWAY UNIFIED,3,34569,15717,7960,10826,,,,,,,,,,,,,1,,,
San Francisco Division,WSA17,California,0632130,REDWOOD CITY ELEMENTARY,4,9273,6426,2847,0,,,,,,,,,,,,,1,,,
East Bay Division,WSA05,California,0632550,WEST CONTRA COSTA UNIFIED,5,29883,14998,6353,8532,,,,,,,,,,,,,1,,,
Coachella Valley Division,WSA04,California,0633150,RIVERSIDE UNIFIED,2,42406,18296,9696,14360,,,,,,,,,,,,,1,,,
Inland Empire Division,WSA07,California,0633150,RIVERSIDE UNIFIED,3,42406,18296,9696,14360,,,,,,,,,,,,,1,,,
Sacramento Division,WSA15,California,0633840,SACRAMENTO CITY UNIFIED,2,47940,23565,10640,13627,,,,,,,,,,,,,1,,,
Orange County Division,WSA13,California,0633860,SADDLEBACK VALLEY UNIFIED,5,30885,12958,7179,10748,,,,,,,,,,,,,1,,,
Inland Empire Division,WSA07,California,0634170,SAN BERNARDINO CITY UNIFIED,1,54379,26023,12211,16145,,,,,,,,,,,,,1,,,
San Diego Division,WSA16,California,0634320,SAN DIEGO UNIFIED,1,131044,62244,28918,39882,,,,,,,,,,,,,1,,,
San Francisco Division,WSA17,California,0634410,SAN FRANCISCO UNIFIED,1,56310,26721,11306,18283,,,,,,,,,,,,,1,,,
Silicon Valley,WSA19,California,0634590,SAN JOSE UNIFIED,1,33308,15681,7290,10337,,,,,,,,,,,,,1,,,
Sacramento Division,WSA15,California,0634620,SAN JUAN UNIFIED,3,47245,20351,10001,16892,,,,,,,,,,,,,1,,,
San Francisco Division,WSA17,California,0634920,SAN MATEO-FOSTER CITY,2,11204,7938,3266,0,,,,,,,,,,,,,1,,,
East Bay Division,WSA05,California,0635130,SAN RAMON VALLEY UNIFIED,4,29884,13780,6925,9141,,,,,,,,,,,,,1,,,
Central Valley Division,WSA03,California,0635250,SANGER UNIFIED,4,10872,5199,2518,3155,,,,,,,,,,,,,1,,,
Orange County Division,WSA13,California,0635310,SANTA ANA UNIFIED,1,57250,27712,12557,16981,,,,,,,,,,,,,1,,,
Silicon Valley,WSA19,California,0635430,SANTA CLARA UNIFIED,4,15289,7878,3131,4243,,,,,,,,,,,,,1,,,
Central Coast Division,WSA02,California,0635670,SANTA MARIA JOINT UNION HIGH,4,7633,0,2,7631,,,,,,,,,,,,,1,,,
San Francisco Division,WSA17,California,0636390,SEQUOIA UNION HIGH,5,8947,0,2,8945,,,,,,,,,,,,,0,,,
San Francisco Division,WSA17,California,0637530,SOUTH SAN FRANCISCO UNIFIED,3,9348,4160,2054,3134,,,,,,,,,,,,,1,,,
San Diego Division,WSA16,California,0638640,SWEETWATER UNION HIGH,2,40619,0,11493,29126,,,,,,,,,,,,,1,,,
San Diego Division,WSA16,California,0641190,VISTA UNIFIED,5,25738,10535,5605,9516,,,,,,,,,,,,,1,,,
Los Angeles County Division,WSA10,California,0642510,WILLIAM S. HART UNION HIGH,5,26449,387,7464,18598,,,,,,,,,,,,,1,,,
Colorado Springs,SWA03,Colorado,0801920,"ACADEMY, SCHOOL DISTRICT NO. 20, IN THE COUNTY OF EL PASO AN",2,23657,10257,5509,7891,,,,,,,,,,,,,1,,,
Denver,SWA06,Colorado,0802910,"CHERRY CREEK, SCHOOL DISTRICT NO. 5, IN THE COUNTY OF ARAPAH",4,52655,25466,11845,15344,,,,,,,,,,,,,1,,,
Colorado Springs,SWA03,Colorado,0803060,"COLORADO SPRINGS, SCHOOL DISTRICT NO. 11, IN THE COUNTY OF E",1,29543,14785,6082,8676,,,,,,,,,,,,,1,,,
Denver,SWA06,Colorado,0803360,SCHOOL DISTRICT NO. 1 IN THE COUNTY OF DENVER AND STATE OF C,2,80890,45124,16341,19425,,,,,,,,,,,,,1,,,
Denver,SWA06,Colorado,0803450,"DOUGLAS COUNTY SCHOOL DISTRICT, NO. RE 1",3,63114,31475,14545,17094,,,,,,,,,,,,,1,,,
Colorado Springs,SWA03,Colorado,0803870,"FALCON, SCHOOL DISTRICT NO. 49, IN THE COUNTY OF EL PASO AND",3,15063,7705,3459,3899,,,,,,,,,,,,,1,,,
Colorado Springs,SWA03,Colorado,0804530,"HARRISON, SCHOOL DISTRICT NO. 2, IN THE COUNTY OF EL PASO AN",4,11108,6444,2480,2184,,,,,,,,,,,,,1,,,
Denver,SWA06,Colorado,0804800,JEFFERSON COUNTY SCHOOL DISTRICT NO. R-1,1,85793,40240,18855,26698,,,,,,,,,,,,,1,,,
Colorado Springs,SWA03,Colorado,0806480,SCHOOL DISTRICT NO. 3 IN THE COUNTY OF EL PASO AND STATE OF,5,9184,4625,1949,2610,,,,,,,,,,,,,1,,,
Denver,SWA06,Colorado,0806900,ADAMS 12 FIVE STAR SCHOOLS,5,42990,20924,10053,12013,,,,,,,,,,,,,1,,,
Greater Hartford,FDA06,Connecticut,0900510,BRISTOL SCHOOL DISTRICT,4,8449,3908,1894,2647,,,,,,,,,,,,,0,,,
Greater Hartford,FDA06,Connecticut,0901260,EAST HARTFORD SCHOOL DISTRICT,5,7156,3569,1423,2164,,,,,,,,,,,,,1,,,
Greater Hartford,FDA06,Connecticut,0901920,HARTFORD SCHOOL DISTRICT,1,20931,10628,4962,5341,,,,,,,,,,,,,1,,,
Greater Hartford,FDA06,Connecticut,0902670,NEW BRITAIN SCHOOL DISTRICT,2,10167,5449,2134,2584,,,,,,,,,,,,,1,,,
Greater Hartford,FDA06,Connecticut,0904920,WEST HARTFORD SCHOOL DISTRICT,3,10098,4823,2249,3026,,,,,,,,,,,,,1,,,
New Castle,GRA20,Delaware,1000080,APPOQUINIMINK SCHOOL DISTRICT,5,9214,4343,2215,2656,,,,,,,,,,,,,1,,,
Southern Delaware,GRA23,Delaware,1000170,CAPE HENLOPEN SCHOOL DISTRICT,5,4845,2442,1021,1382,,,,,,,,,,,,,1,,,
Southern Delaware,GRA23,Delaware,1000180,CAESAR RODNEY SCHOOL DISTRICT,2,7593,3539,1897,2157,,,,,,,,,,,,,1,,,
Southern Delaware,GRA23,Delaware,1000190,CAPITAL SCHOOL DISTRICT,3,6153,3207,1363,1583,,,,,,,,,,,,,1,,,
New Castle,GRA20,Delaware,1000200,CHRISTINA SCHOOL DISTRICT,1,16303,8871,3687,3745,,,,,,,,,,,,,1,,,
New Castle,GRA20,Delaware,1000230,COLONIAL SCHOOL DISTRICT,4,9711,5181,2583,1947,,,,,,,,,,,,,1,,,
Southern Delaware,GRA23,Delaware,1000680,INDIAN RIVER SCHOOL DISTRICT,1,8746,4653,1910,2183,,,,,,,,,,,,,1,,,
New Castle,GRA20,Delaware,1001240,BRANDYWINE SCHOOL DISTRICT,3,10801,5043,2515,3243,,,,,,,,,,,,,1,,,
New Castle,GRA20,Delaware,1001300,RED CLAY CONSOLIDATED SCHOOL DISTRICT,2,15970,7974,4205,3791,,,,,,,,,,,,,1,,,
Southern Delaware,GRA23,Delaware,1001620,SMYRNA SCHOOL DISTRICT,4,5116,2492,1237,1387,,,,,,,,,,,,,1,,,
Jacksonville,GSA05,Florida,1200060,BAKER,5,5050,2628,1125,1297,,,,,,,,,,,,,1,,,
Miami / Ft. Lauderdale,GSA07,Florida,1200180,BROWARD,2,258478,120171,58685,79622,,,,,,,,,,,,,1,,,
Jacksonville,GSA05,Florida,1200300,CLAY,2,35659,15845,8407,11407,,,,,,,,,,,,,1,,,
Southwest Florida,GSA11,Florida,1200330,COLLIER,2,43238,20868,9603,12767,,,,,,,,,,,,,1,,,
Miami / Ft. Lauderdale,GSA07,Florida,1200390,DADE,1,350239,164561,81870,103808,,,,,,,,,,,,,1,,,
Jacksonville,GSA05,Florida,1200480,DUVAL,1,125429,63288,27589,34552,,,,,,,,,,,,,1,,,
Tampa Bay,GSA12,Florida,1200810,HERNANDO,4,22616,10238,5370,7008,,,,,,,,,,,,,1,,,
Tampa Bay,GSA12,Florida,1200870,HILLSBOROUGH,1,197041,95653,45861,55527,,,,,,,,,,,,,1,,,
Orlando,GSA09,Florida,1201050,LAKE,4,41319,19969,9289,12061,,,,,,,,,,,,,1,,,
Southwest Florida,GSA11,Florida,1201080,LEE,1,83895,40820,18566,24509,,,,,,,,,,,,,1,,,
Jacksonville,GSA05,Florida,1201350,NASSAU,4,11115,5056,2675,3384,,,,,,,,,,,,,1,,,
Orlando,GSA09,Florida,1201440,ORANGE,1,180000,85672,40441,53887,,,,,,,,,,,,,1,,,
Orlando,GSA09,Florida,1201470,OSCEOLA,3,54783,25301,12694,16788,,,,,,,,,,,,,1,,,
Palm Beach,GSA10,Florida,1201500,PALM BEACH,1,176901,82805,39438,54658,,,,,,,,,,,,,1,,,
Tampa Bay,GSA12,Florida,1201530,PASCO,3,66659,31220,15670,19769,,,,,,,,,,,,,1,,,
Tampa Bay,GSA12,Florida,1201560,PINELLAS,2,103776,47771,23164,32841,,,,,,,,,,,,,1,,,
Orlando,GSA09,Florida,1201710,SEMINOLE,2,64344,28663,14789,20892,,,,,,,,,,,,,1,,,
Jacksonville,GSA05,Florida,1201740,ST. JOHNS,3,31580,14211,7440,9929,,,,,,,,,,,,,1,,,
Atlanta,GSA01,Georgia,1301230,CLAYTON COUNTY,5,51018,25268,11900,13850,,,,,,,,,,,,,1,,,
Atlanta,GSA01,Georgia,1301290,COBB COUNTY,2,107291,50007,24530,32754,,,,,,,,,,,,,1,,,
Atlanta,GSA01,Georgia,1301740,DEKALB COUNTY,3,98088,49337,21196,27555,,,,,,,,,,,,,1,,,
Atlanta,GSA01,Georgia,1302280,FULTON COUNTY,4,92604,43888,21005,27711,,,,,,,,,,,,,1,,,
Atlanta,GSA01,Georgia,1302550,GWINNETT COUNTY,1,162370,76005,38140,48225,,,,,,,,,,,,,1,,,
Hawaii,WSA06,Hawaii,1500030,HAWAII DEPARTMENT OF EDUCATION,1,182706,90908,39976,51598,,,,,,,,,,,,,1,,,
Boise,WSA01,Idaho,1600360,BOISE INDEPENDENT DISTRICT,2,25476,11981,5771,7724,,,,,,,,,,,,,1,,,
Boise,WSA01,Idaho,1600510,CALDWELL DISTRICT,5,5984,3070,1287,1627,,,,,,,,,,,,,1,,,
Boise,WSA01,Idaho,1600600,VALLIVUE SCHOOL DISTRICT,4,7430,3702,1731,1997,,,,,,,,,,,,,1,,,
Boise,WSA01,Idaho,1602100,MERIDIAN JOINT DISTRICT,1,36303,17263,8578,10462,,,,,,,,,,,,,1,,,
Boise,WSA01,Idaho,1602340,NAMPA SCHOOL DISTRICT,3,15556,7605,3619,4332,,,,,,,,,,,,,1,,,
Chicago,MWA01,Illinois,1709930,CITY OF CHICAGO SD 299,1,403004,204078,86265,112661,,,,,,,,,,,,,1,,,
Chicago,MWA01,Illinois,1713710,SD U-46,2,40687,19391,9119,12177,,,,,,,,,,,,,1,,,
Chicago,MWA01,Illinois,1731740,PLAINFIELD SD 202,4,28904,13430,6862,8612,,,,,,,,,,,,,1,,,
Chicago,MWA01,Illinois,1741690,INDIAN PRAIRIE CUSD 204,3,29286,13023,7029,9234,,,,,,,,,,,,,1,,,
Indianapolis,MWA04,Indiana,1801200,CARMEL CLAY SCHOOLS,4,15750,7342,3826,4582,,,,,,,,,,,,,1,,,
NW Indiana,MWA13,Indiana,1802490,CROWN POINT COMMUNITY SCH CORP,5,7733,3352,1812,2569,,,,,,,,,,,,,1,,,
NW Indiana,MWA13,Indiana,1803870,GARY COMMUNITY SCHOOL CORP,2,10215,5340,2010,2865,,,,,,,,,,,,,1,,,
NW Indiana,MWA13,Indiana,1804320,SCHOOL CITY OF HAMMOND,1,13742,7140,2842,3760,,,,,,,,,,,,,1,,,
Indianapolis,MWA04,Indiana,1804770,INDIANAPOLIS PUBLIC SCHOOLS,1,31999,17883,6855,7261,,,,,,,,,,,,,1,,,
NW Indiana,MWA13,Indiana,1805450,LAKE CENTRAL SCHOOL CORP,3,10037,4393,2407,3237,,,,,,,,,,,,,1,,,
Indianapolis,MWA04,Indiana,1805670,M S D LAWRENCE TOWNSHIP,5,14878,6700,3345,4833,,,,,,,,,,,,,1,,,
Louisville,GRA18,Indiana,1807410,NEW ALBANY-FLOYD CO CON SCH,5,11458,5109,2665,3684,,,,,,,,,,,,,1,,,
NW Indiana,MWA13,Indiana,1809150,PORTAGE TOWNSHIP SCHOOLS,4,8065,3520,1929,2616,,,,,,,,,,,,,1,,,
Indianapolis,MWA04,Indiana,1810650,HAMILTON SOUTHEASTERN SCHOOLS,2,19053,9257,4594,5202,,,,,,,,,,,,,1,,,
Indianapolis,MWA04,Indiana,1812810,M S D WAYNE TOWNSHIP,3,16276,7732,3512,5032,,,,,,,,,,,,,1,,,
Des Moines,MWA02,Iowa,1903690,ANKENY COMM SCHOOL DISTRICT,3,9133,4828,1980,2325,,,,,,,,,,,,,1,,,
Omaha,MWA07,Iowa,1908220,COUNCIL BLUFFS COMM SCHOOL DISTRICT,5,9472,4778,1943,2751,,,,,,,,,,,,,1,,,
Des Moines,MWA02,Iowa,1908970,DES MOINES INDEPENDENT COMM SCHOOL DISTRICT,1,33453,17440,6918,9095,,,,,,,,,,,,,1,,,
Des Moines,MWA02,Iowa,1926820,SOUTHEAST POLK COMM SCHOOL DISTRICT,5,6412,3192,1435,1785,,,,,,,,,,,,,1,,,
Des Moines,MWA02,Iowa,1930510,WAUKEE COMM SCHOOL DISTRICT,4,7116,3834,1656,1626,,,,,,,,,,,,,1,,,
Des Moines,MWA02,Iowa,1930930,WEST DES MOINES COMM SCHOOL DISTRICT,2,9346,4491,2050,2805,,,,,,,,,,,,,1,,,
Wichita,MWA10,Kansas,2003360,ANDOVER,4,5315,2335,1265,1681,,,,,,,,,,,,,1,,,
Wichita,MWA10,Kansas,2005460,DERBY,3,6781,3415,1477,1888,,,,,,,,,,,,,1,,,
Wichita,MWA10,Kansas,2006540,GODDARD,5,5314,2428,1247,1639,,,,,,,,,,,,,1,,,
Kansas City,MWA05,Kansas,2007950,KANSAS CITY,4,20499,11025,4359,4856,,,,,,,,,,,,,1,,,
Wichita,MWA10,Kansas,2009140,MAIZE,2,6958,3102,1670,2179,,,,,,,,,,,,,1,,,
Kansas City,MWA05,Kansas,2010140,OLATHE,1,28182,14011,6268,7696,,,,,,,,,,,,,1,,,
Kansas City,MWA05,Kansas,2011640,SHAWNEE MISSION PUB SCH,2,27760,13202,6034,8461,,,,,,,,,,,,,1,,,
Kansas City,MWA05,Kansas,2012000,BLUE VALLEY,3,21925,10001,5178,6730,,,,,,,,,,,,,1,,,
Wichita,MWA10,Kansas,2012990,WICHITA,1,49389,26118,10215,12585,,,,,,,,,,,,,1,,,
Cincinnati,GRA08,Kentucky,2100510,BOONE CO,2,19577,9697,4640,5235,,,,,,,,,,,,,1,,,
Louisville,GRA18,Kentucky,2100750,BULLITT CO,3,13033,6066,3006,3957,,,,,,,,,,,,,1,,,
Lexington,GRA17,Kentucky,2101860,FAYETTE COUNTY,1,38641,19911,8350,10368,,,,,,,,,,,,,1,,,
Louisville,GRA18,Kentucky,2102490,HARDIN COUNTY,2,14174,6571,3136,4453,,,,,,,,,,,,,1,,,
Louisville,GRA18,Kentucky,2102990,JEFFERSON COUNTY,1,99191,49034,21701,28294,,,,,,,,,,,,,1,,,
Lexington,GRA17,Kentucky,2103030,JESSAMINE COUNTY,5,7922,3940,1776,2196,,,,,,,,,,,,,1,,,
Cincinnati,GRA08,Kentucky,2103090,KENTON COUNTY,3,14607,7198,3311,4074,,,,,,,,,,,,,1,,,
Lexington,GRA17,Kentucky,2103210,LAUREL COUNTY,2,9460,4515,2228,2712,,,,,,,,,,,,,1,,,
Louisville,GRA18,Kentucky,2104530,OLDHAM COUNTY,4,12053,5501,2894,3646,,,,,,,,,,,,,1,,,
Lexington,GRA17,Kentucky,2104950,PULASKI COUNTY,4,8176,3966,1842,2358,,,,,,,,,,,,,1,,,
Lexington,GRA17,Kentucky,2105260,SCOTT COUNTY,3,8544,4310,1933,2298,,,,,,,,,,,,,1,,,
Baton Rouge,GSA02,Louisiana,2200039,ZACHARY COMMUNITY SCHOOL DISTRICT,4,5235,2538,1221,1476,,,,,,,,,,,,,1,,,
Baton Rouge,GSA02,Louisiana,2200090,ASCENSION PARISH,3,20465,9983,4704,5778,,,,,,,,,,,,,1,,,
Baton Rouge,GSA02,Louisiana,2200540,EAST BATON ROUGE PARISH,1,42854,23135,8683,11036,,,,,,,,,,,,,1,,,
Baton Rouge,GSA02,Louisiana,2200750,IBERVILLE PARISH,5,4569,2414,1075,1080,,,,,,,,,,,,,0,,,
Greater New Orleans Area,GSA04,Louisiana,2200840,JEFFERSON PARISH,1,45688,24371,9613,11704,,,,,,,,,,,,,1,,,
Baton Rouge,GSA02,Louisiana,2201020,LIVINGSTON PARISH,2,24773,12476,5857,6440,,,,,,,,,,,,,1,,,
Greater New Orleans Area,GSA04,Louisiana,2201170,ORLEANS PARISH,3,10881,4061,1917,4903,,,,,,,,,,,,,1,,,
Greater New Orleans Area,GSA04,Louisiana,2201440,ST. CHARLES PARISH,4,9743,4621,2202,2920,,,,,,,,,,,,,1,,,
Greater New Orleans Area,GSA04,Louisiana,2201530,ST. JOHN THE BAPTIST PARISH,5,6423,3358,1516,1549,,,,,,,,,,,,,1,,,
Greater New Orleans Area,GSA04,Louisiana,2201650,ST. TAMMANY PARISH,2,37058,17825,8718,10515,,,,,,,,,,,,,1,,,
Maine,FDA08,Maine,2309930,PORTLAND PUBLIC SCHOOLS,1,6896,3279,1510,2107,,,,,,,,,,,,,1,,,
Maine,FDA08,Maine,2311790,RSU 06/MSAD 06,3,3914,1788,934,1192,,,,,,,,,,,,,1,,,
Maine,FDA08,Maine,2314670,RSU 57/MSAD 57,5,3310,1448,806,1056,,,,,,,,,,,,,1,,,
Maine,FDA08,Maine,2314784,RSU 23,2,4053,1680,974,1399,,,,,,,,,,,,,1,,,
Maine,FDA08,Maine,2314793,RSU 14,4,3380,1477,802,1101,,,,,,,,,,,,,1,,,
Greater Baltimore,MAA02,Maryland,2400060,ANNE ARUNDEL COUNTY PUBLIC SCHOOLS,3,76303,36759,16848,22696,,,,,,,,,,,,,1,,,
Greater Baltimore,MAA02,Maryland,2400090,BALTIMORE CITY PUBLIC SCHOOLS,2,84212,43520,16986,23706,,,,,,,,,,,,,1,,,
Greater Baltimore,MAA02,Maryland,2400120,BALTIMORE COUNTY PUBLIC SCHOOLS,1,105153,51388,22772,30993,,,,,,,,,,,,,1,,,
Greater Baltimore,MAA02,Maryland,2400390,HARFORD COUNTY PUBLIC SCHOOLS,5,38224,17545,8643,12036,,,,,,,,,,,,,1,,,
Greater Baltimore,MAA02,Maryland,2400420,HOWARD COUNTY PUBLIC SCHOOLS,4,51555,23347,11541,16667,,,,,,,,,,,,,1,,,
Greater Washington Region,MAA03,Maryland,2400480,MONTGOMERY COUNTY PUBLIC SCHOOLS,2,146459,69951,31276,45232,,,,,,,,,,,,,1,,,
Greater Washington Region,MAA03,Maryland,2400510,PRINCE GEORGE'S COUNTY PUBLIC SCHOOLS,3,123833,60443,26118,37272,,,,,,,,,,,,,1,,,
Greater Boston,FDA05,Massachusetts,2502790,BOSTON,1,55027,27224,11153,16481,,,,,,,,,,,,,0,,,
Greater Boston,FDA05,Massachusetts,2503090,BROCKTON,2,16162,7983,3726,4428,,,,,,,,,,,,,1,,,
Rhode Island,FDA13,Massachusetts,2504830,FALL RIVER,5,9834,5110,2293,2431,,,,,,,,,,,,,1,,,
Greater Boston,FDA05,Massachusetts,2506660,LAWRENCE,5,12900,6553,3028,3288,,,,,,,,,,,,,1,,,
Greater Boston,FDA05,Massachusetts,2507020,LOWELL,4,13548,7065,3303,3164,,,,,,,,,,,,,1,,,
Greater Boston,FDA05,Massachusetts,2507110,LYNN,3,13731,6920,2891,3907,,,,,,,,,,,,,1,,,
Rhode Island,FDA13,Massachusetts,2508430,NEW BEDFORD,2,12551,7230,2772,2549,,,,,,,,,,,,,1,,,
Detroit,MWA03,Michigan,2609570,CHIPPEWA VALLEY SCHOOLS,5,16178,7033,3955,5190,,,,,,,,,,,,,1,,,
Detroit,MWA03,Michigan,2611600,DEARBORN CITY SCHOOL DISTRICT,3,18736,8577,4226,5926,,,,,,,,,,,,,1,,,
Detroit,MWA03,Michigan,2612000,DETROIT CITY SCHOOL DISTRICT,1,67064,31728,14013,21117,,,,,,,,,,,,,1,,,
Grand Rapid,MWA12,Michigan,2614610,FOREST HILLS PUBLIC SCHOOLS,2,10112,4459,2420,3230,,,,,,,,,,,,,1,,,
Grand Rapid,MWA12,Michigan,2616440,GRAND RAPIDS PUBLIC SCHOOLS,1,17606,9690,3633,4283,,,,,,,,,,,,,1,,,
Grand Rapid,MWA12,Michigan,2616470,GRANDVILLE PUBLIC SCHOOLS,5,5690,2495,1299,1882,,,,,,,,,,,,,1,,,
Grand Rapid,MWA12,Michigan,2620340,KENTWOOD PUBLIC SCHOOLS,3,8761,3845,1859,3047,,,,,,,,,,,,,0,,,
Detroit,MWA03,Michigan,2628560,PLYMOUTH-CANTON COMMUNITY SCHOOLS,4,18426,7642,4379,6397,,,,,,,,,,,,,1,,,
Grand Rapid,MWA12,Michigan,2630030,ROCKFORD PUBLIC SCHOOLS,4,7880,3468,1821,2584,,,,,,,,,,,,,1,,,
Detroit,MWA03,Michigan,2634470,UTICA COMMUNITY SCHOOLS,2,28606,12170,6751,9653,,,,,,,,,,,,,1,,,
Twin Cities,MWA09,Minnesota,2703180,ANOKA-HENNEPIN PUBLIC SCHOOL DIST.,1,38748,16943,8669,13136,,,,,,,,,,,,,1,,,
Twin Cities,MWA09,Minnesota,2721240,MINNEAPOLIS PUBLIC SCHOOL DIST.,3,35046,18535,6932,9579,,,,,,,,,,,,,1,,,
Twin Cities,MWA09,Minnesota,2725200,OSSEO PUBLIC SCHOOL DISTRICT,5,20917,9972,4491,6454,,,,,,,,,,,,,1,,,
Twin Cities,MWA09,Minnesota,2732390,ROSEMOUNT-APPLE VALLEY-EAGAN,4,27515,12220,6131,9164,,,,,,,,,,,,,1,,,
Twin Cities,MWA09,Minnesota,2733840,ST. PAUL PUBLIC SCHOOL DISTRICT,2,38310,19005,7893,11412,,,,,,,,,,,,,1,,,
Memphis,GSA06,Mississippi,2801320,DESOTO CO SCHOOL DIST,3,32311,14740,7660,9129,,,,,,,,,,,,,1,,,
Jackson,GSA14,Mississippi,2801860,HINDS CO SCHOOL DIST,5,6319,2874,1511,1863,,,,,,,,,,,,,1,,,
Jackson,GSA14,Mississippi,2802190,JACKSON PUBLIC SCHOOL DIST,1,29898,14892,6504,8087,,,,,,,,,,,,,1,,,
Jackson,GSA14,Mississippi,2802430,LAUDERDALE CO SCHOOL DIST,4,6703,3092,1570,1841,,,,,,,,,,,,,1,,,
Palm Beach,GSA10,Mississippi,2802760,LUMBERTON PUBLIC SCHOOL DISTRICT,5,674,338,141,195,,,,,,,,,,,,,1,,,
Jackson,GSA14,Mississippi,2802790,MADISON CO SCHOOL DIST,3,12182,5538,2897,3544,,,,,,,,,,,,,1,,,
Palm Beach,GSA10,Mississippi,2803540,PEARL RIVER CO SCHOOL DIST,3,3080,1403,720,902,,,,,,,,,,,,,1,,,
Palm Beach,GSA10,Mississippi,2803630,PICAYUNE SCHOOL DIST,2,3670,1828,828,936,,,,,,,,,,,,,1,,,
Palm Beach,GSA10,Mississippi,2803720,POPLARVILLE SEPARATE SCHOOL DIST,4,2025,869,497,626,,,,,,,,,,,,,1,,,
Jackson,GSA14,Mississippi,2803830,RANKIN CO SCHOOL DIST,2,19376,9284,4582,5234,,,,,,,,,,,,,1,,,
St Louis,MWA08,Missouri,2908370,FT. ZUMWALT R-II,4,18977,8417,4412,6148,,,,,,,,,,,,,1,,,
St Louis,MWA08,Missouri,2913830,HAZELWOOD,5,17772,7675,4354,5743,,,,,,,,,,,,,1,,,
Kansas City,MWA05,Missouri,2922800,NORTH KANSAS CITY 74,5,19133,9337,4209,5587,,,,,,,,,,,,,1,,,
St Louis,MWA08,Missouri,2926850,ROCKWOOD R-VI,2,22503,9577,5426,7500,,,,,,,,,,,,,1,,,
St Louis,MWA08,Missouri,2928950,FRANCIS HOWELL R-III,3,19626,10169,3877,5580,,,,,,,,,,,,,1,,,
St Louis,MWA08,Missouri,2929280,ST. LOUIS CITY,1,24665,12948,4613,7104,,,,,,,,,,,,,1,,,
Omaha,MWA07,Nebraska,3103810,BELLEVUE PUBLIC SCHOOLS,4,9988,4675,2172,3141,,,,,,,,,,,,,1,,,
Omaha,MWA07,Nebraska,3173740,MILLARD PUBLIC SCHOOLS,2,23074,11090,5082,6902,,,,,,,,,,,,,1,,,
Omaha,MWA07,Nebraska,3174820,OMAHA PUBLIC SCHOOLS,1,50340,26715,10266,13359,,,,,,,,,,,,,1,,,
Omaha,MWA07,Nebraska,3175270,PAPILLION-LA VISTA PUBLIC SCHS,3,10338,4998,2201,3139,,,,,,,,,,,,,1,,,
Las Vegas Division,WSA09,Nevada,3200060,CLARK COUNTY SCHOOL DISTRICT,1,313398,149006,72721,91192,,,,,,,,,,,,,1,,,
Northern Nevada,WSA11,Nevada,3200450,STOREY COUNTY SCHOOL DISTRICT,2,409,182,93,133,,,,,,,,,,,,,0,,,
Northern Nevada,WSA11,Nevada,3200480,WASHOE COUNTY SCHOOL DISTRICT,1,64740,30440,14742,19485,,,,,,,,,,,,,1,,,
New Hampshire,FDA09,New Hampshire,3302610,DERRY SCHOOL DISTRICT,1,5718,2263,1316,2139,,,,,,,,,,,,,1,,,
New Hampshire,FDA09,New Hampshire,3304410,LONDONDERRY SCHOOL DISTRICT,2,4802,1919,1177,1706,,,,,,,,,,,,,1,,,
New Hampshire,FDA09,New Hampshire,3305940,ROCHESTER SCHOOL DISTRICT,4,4203,1949,940,1314,,,,,,,,,,,,,1,,,
New Hampshire,FDA09,New Hampshire,3306060,SALEM SCHOOL DISTRICT,3,4315,1762,1054,1499,,,,,,,,,,,,,1,,,
New Hampshire,FDA09,New Hampshire,3306720,TIMBERLANE REGIONAL SCHOOL DISTRICT,5,4158,1721,1017,1420,,,,,,,,,,,,,1,,,
Southern NJ,FDA18,New Jersey,3402640,CAMDEN CITY,1,13723,8282,2046,1882,,,,,,,,,,,,,1,,,
Southern NJ,FDA18,New Jersey,3403000,CHERRY HILL TOWNSHIP,3,11248,4996,2661,3591,,,,,,,,,,,,,1,,,
Central NJ,FDA19,New Jersey,3404500,EDISON TOWNSHIP,3,14224,6622,3192,4154,,,,,,,,,,,,,1,,,
Central NJ,FDA19,New Jersey,3404590,ELIZABETH,1,23386,13143,4573,4716,,,,,,,,,,,,,1,,,
Northern New Jersey,FDA11,New Jersey,3404590,ELIZABETH,4,23386,13143,4573,4716,,,,,,,,,,,,,1,,,
Southern NJ,FDA18,New Jersey,3406540,HAMILTON TOWNSHIP,2,12441,5124,2730,3966,,,,,,,,,,,,,1,,,
Northern New Jersey,FDA11,New Jersey,3407830,JERSEY CITY,2,27397,14408,5387,6493,,,,,,,,,,,,,1,,,
Northern New Jersey,FDA11,New Jersey,3411340,NEWARK,1,35543,16689,6912,9099,,,,,,,,,,,,,1,,,
Northern New Jersey,FDA11,New Jersey,3412540,PASSAIC CITY,5,13136,7651,2488,2427,,,,,,,,,,,,,1,,,
Northern New Jersey,FDA11,New Jersey,3412690,PATERSON,3,24365,12145,5539,5581,,,,,,,,,,,,,1,,,
Central NJ,FDA19,New Jersey,3412930,PERTH AMBOY,5,10258,5748,2052,2215,,,,,,,,,,,,,1,,,
Central NJ,FDA19,New Jersey,3416230,TOMS RIVER REGIONAL,2,16981,6903,3720,5463,,,,,,,,,,,,,0,,,
Southern NJ,FDA18,New Jersey,3416800,VINELAND CITY,5,9734,4644,1927,2592,,,,,,,,,,,,,1,,,
Southern NJ,FDA18,New Jersey,3417700,WEST WINDSOR-PLAINSBORO R,4,9804,4066,2244,3237,,,,,,,,,,,,,1,,,
Central NJ,FDA19,New Jersey,3418120,WOODBRIDGE TOWNSHIP,4,13109,5534,2864,4073,,,,,,,,,,,,,1,,,
Albuquerque,SWA01,New Mexico,3500010,RIO RANCHO PUBLIC SCHOOLS,2,16870,7920,4030,4920,,,,,,,,,,,,,1,,,
Albuquerque,SWA01,New Mexico,3500060,ALBUQUERQUE PUBLIC SCHOOLS,1,94318,46786,20456,27076,,,,,,,,,,,,,1,,,
Albuquerque,SWA01,New Mexico,3500180,BELEN CONSOLIDATED SCHOOLS,4,4553,2213,1009,1331,,,,,,,,,,,,,1,,,
Albuquerque,SWA01,New Mexico,3501680,LOS LUNAS PUBLIC SCHOOLS,3,8473,4068,2013,2392,,,,,,,,,,,,,1,,,
Albuquerque,SWA01,New Mexico,3501890,MORIARTY MUNICIPAL SCHOOLS,5,3237,1471,810,956,,,,,,,,,,,,,1,,,
Albany,FDA01,New York,3602460,ALBANY CITY SCHOOL DISTRICT,3,8441,4497,1618,2192,,,,,,,,,,,,,1,,,
Dutchess-Ulster Counties,FDA04,New York,3603270,ARLINGTON CENTRAL SCHOOL DISTRICT,2,9471,3736,2388,3307,,,,,,,,,,,,,1,,,
Syracuse,FDA15,New York,3603870,BALDWINSVILLE CENTRAL SCHOOL DISTRICT,4,5692,2369,1434,1855,,,,,,,,,,,,,1,,,
Dutchess-Ulster Counties,FDA04,New York,3604140,BEACON CITY SCHOOL DISTRICT,5,3360,1629,687,1038,,,,,,,,,,,,,1,,,
Long Island,FDA07,New York,3605280,BRENTWOOD UNION FREE SCHOOL DISTRICT,1,17143,8368,3685,4966,,,,,,,,,,,,,1,,,
Buffalo Niagara Region,FDA02,New York,3605850,BUFFALO CITY SCHOOL DISTRICT,1,32723,16273,7145,8990,,,,,,,,,,,,,1,,,
Utica,FDA16,New York,3606900,CENTRAL SQUARE CENTRAL SCHOOL DISTRICT,3,4380,1958,958,1435,,,,,,,,,,,,,1,,,
Rochester,FDA14,New York,3610890,FAIRPORT CENTRAL SCHOOL DISTRICT,4,6413,2662,1563,2161,,,,,,,,,,,,,1,,,
Rochester,FDA14,New York,3612630,GREECE CENTRAL SCHOOL DISTRICT,2,11871,5304,2688,3765,,,,,,,,,,,,,1,,,
Long Island,FDA07,New York,3613290,HALF HOLLOW HILLS CENTRAL SCHOOL DISTRICT,5,9868,3986,2524,3235,,,,,,,,,,,,,1,,,
Orange-Sullivan-Rockland Counties (Tri County Board),FDA12,New York,3614010,HAVERSTRAW-STONY POINT CSD (NORTH ROCKLAND),3,7896,3408,1871,2554,,,,,,,,,,,,,1,,,
Dutchess-Ulster Counties,FDA04,New York,3615180,HYDE PARK CENTRAL SCHOOL DISTRICT,4,3921,1600,888,1416,,,,,,,,,,,,,1,,,
Buffalo Niagara Region,FDA02,New York,3616230,KENMORE-TONAWANDA UNION FREE SCHOOL DISTRICT,3,7831,3611,1743,2418,,,,,,,,,,,,,1,,,
Syracuse,FDA15,New York,3617520,LIVERPOOL CENTRAL SCHOOL DISTRICT,3,7362,3282,1700,2314,,,,,,,,,,,,,1,,,
Long Island,FDA07,New York,3619200,MIDDLE COUNTRY CENTRAL SCHOOL DISTRICT,4,10163,4446,2333,3301,,,,,,,,,,,,,1,,,
Orange-Sullivan-Rockland Counties (Tri County Board),FDA12,New York,3619650,MONROE-WOODBURY CENTRAL SCHOOL DISTRICT,5,7156,3078,1723,2315,,,,,,,,,,,,,0,,,
Orange-Sullivan-Rockland Counties (Tri County Board),FDA12,New York,3620340,CLARKSTOWN CENTRAL SCHOOL DISTRICT,2,8803,3606,2095,3037,,,,,,,,,,,,,1,,,
Utica,FDA16,New York,3620370,NEW HARTFORD CENTRAL SCHOOL DISTRICT,5,2607,1120,635,840,,,,,,,,,,,,,1,,,
New York,FDA10,New York,3620580,NEW YORK CITY PUBLIC SCHOOLS,1,1015248,493765,209812,311671,,,,,,,,,,,,,1,,,
Orange-Sullivan-Rockland Counties (Tri County Board),FDA12,New York,3620700,NEWBURGH CITY SCHOOL DISTRICT,1,11544,5627,2522,3361,,,,,,,,,,,,,1,,,
Buffalo Niagara Region,FDA02,New York,3620820,NIAGARA FALLS CITY SCHOOL DISTRICT,5,6830,3401,1480,1892,,,,,,,,,,,,,1,,,
Syracuse,FDA15,New York,3621210,NORTH SYRACUSE CENTRAL SCHOOL DISTRICT,2,9388,4175,2212,2937,,,,,,,,,,,,,1,,,
Rochester,FDA14,New York,3623160,PITTSFORD CENTRAL SCHOOL DISTRICT,5,5929,2481,1434,1995,,,,,,,,,,,,,1,,,
Dutchess-Ulster Counties,FDA04,New York,3623760,POUGHKEEPSIE CITY SCHOOL DISTRICT,3,4371,2227,967,1170,,,,,,,,,,,,,1,,,
Rochester,FDA14,New York,3624750,ROCHESTER CITY SCHOOL DISTRICT,1,31432,15433,6615,9101,,,,,,,,,,,,,1,,,
Utica,FDA16,New York,3624900,ROME CITY SCHOOL DISTRICT,2,5148,2401,1148,1551,,,,,,,,,,,,,1,,,
Long Island,FDA07,New York,3625350,SACHEM CENTRAL SCHOOL DISTRICT,2,14465,6272,3476,4630,,,,,,,,,,,,,1,,,
Albany,FDA01,New York,3625770,SARATOGA SPRINGS CITY SCHOOL DISTRICT,4,6667,2923,1654,2043,,,,,,,,,,,,,1,,,
Albany,FDA01,New York,3626010,SCHENECTADY CITY SCHOOL DISTRICT,1,9821,4915,2214,2659,,,,,,,,,,,,,1,,,
Albany,FDA01,New York,3626670,SHENENDEHOWA CENTRAL SCHOOL DISTRICT,2,9800,4401,2381,2953,,,,,,,,,,,,,1,,,
Long Island,FDA07,New York,3627060,SMITHTOWN CENTRAL SCHOOL DISTRICT,3,10623,4494,2583,3485,,,,,,,,,,,,,1,,,
Albany,FDA01,New York,3627210,SOUTH COLONIE CENTRAL SCHOOL DISTRICT,5,5232,2280,1184,1748,,,,,,,,,,,,,1,,,
Orange-Sullivan-Rockland Counties (Tri County Board),FDA12,New York,3627810,EAST RAMAPO CENTRAL SCHOOL DISTRICT (SPRING VALLEY),4,7830,3501,1719,2540,,,,,,,,,,,,,1,,,
Syracuse,FDA15,New York,3628590,SYRACUSE CITY SCHOOL DISTRICT,1,20491,10360,4325,5574,,,,,,,,,,,,,1,,,
Utica,FDA16,New York,3629370,UTICA CITY SCHOOL DISTRICT,1,9619,4779,2090,2633,,,,,,,,,,,,,1,,,
Dutchess-Ulster Counties,FDA04,New York,3629880,WAPPINGERS CENTRAL SCHOOL DISTRICT,1,11950,4974,2812,4150,,,,,,,,,,,,,1,,,
Rochester,FDA14,New York,3630360,WEBSTER CENTRAL SCHOOL DISTRICT,3,8665,3715,2012,2906,,,,,,,,,,,,,1,,,
Syracuse,FDA15,New York,3630630,WEST GENESEE CENTRAL SCHOOL DISTRICT,5,4874,2001,1181,1668,,,,,,,,,,,,,1,,,
Buffalo Niagara Region,FDA02,New York,3630780,WEST SENECA CENTRAL SCHOOL DISTRICT,4,7068,3038,1605,2272,,,,,,,,,,,,,1,,,
Utica,FDA16,New York,3631320,WHITESBORO CENTRAL SCHOOL DISTRICT,4,3385,1483,758,1140,,,,,,,,,,,,,1,,,
Buffalo Niagara Region,FDA02,New York,3631470,WILLIAMSVILLE CENTRAL SCHOOL DISTRICT,2,10315,4524,2408,3325,,,,,,,,,,,,,1,,,
Charlotte,MAA01,North Carolina,3700530,CABARRUS COUNTY SCHOOLS,4,29747,14211,6961,8575,,,,,,,,,,,,,1,,,
Triangle Metro Division,MAA06,North Carolina,3701260,DURHAM PUBLIC SCHOOLS,2,33256,16429,7005,9822,,,,,,,,,,,,,1,,,
Triangle Metro Division,MAA06,North Carolina,3701530,FRANKLIN COUNTY SCHOOLS,5,8662,4155,1950,2557,,,,,,,,,,,,,1,,,
Charlotte,MAA01,North Carolina,3701620,GASTON COUNTY SCHOOLS,3,31696,14862,7401,9433,,,,,,,,,,,,,1,,,
Triangle Metro Division,MAA06,North Carolina,3702370,JOHNSTON COUNTY SCHOOLS,3,33097,16146,7811,9140,,,,,,,,,,,,,1,,,
Triangle Metro Division,MAA06,North Carolina,3702560,LEE COUNTY SCHOOLS,4,9931,4865,2272,2794,,,,,,,,,,,,,1,,,
Charlotte,MAA01,North Carolina,3702970,CHARLOTTE-MECKLENBURG SCHOOLS,1,141728,72018,31009,38701,,,,,,,,,,,,,1,,,
Charlotte,MAA01,North Carolina,3704620,UNION COUNTY PUBLIC SCHOOLS,2,40111,18976,9498,11637,,,,,,,,,,,,,1,,,
Triangle Metro Division,MAA06,North Carolina,3704720,WAKE COUNTY SCHOOLS,1,148154,72129,33715,42310,,,,,,,,,,,,,1,,,
Akron,GRA02,Ohio,3904348,AKRON CITY,1,22678,11003,4842,6833,,,,,,,,,,,,,1,,,
Canton,GRA05,Ohio,3904371,CANTON CITY,1,9911,4875,2177,2859,,,,,,,,,,,,,1,,,
Dayton,GRA11,Ohio,3904373,CENTERVILLE CITY,2,8452,3651,1942,2859,,,,,,,,,,,,,1,,,
Cincinnati,GRA08,Ohio,3904375,CINCINNATI CITY,1,32154,16394,6696,9064,,,,,,,,,,,,,1,,,
Cleveland,GRA09,Ohio,3904378,CLEVELAND MUNICIPAL,1,42805,20308,9290,13207,,,,,,,,,,,,,1,,,
Columbus,GRA10,Ohio,3904380,COLUMBUS CITY SCHOOL DISTRICT,1,50488,26360,10413,13715,,,,,,,,,,,,,1,,,
Akron,GRA02,Ohio,3904383,CUYAHOGA FALLS CITY,4,4886,2179,1118,1589,,,,,,,,,,,,,1,,,
Dayton,GRA11,Ohio,3904384,DAYTON CITY,1,14795,7537,3233,4025,,,,,,,,,,,,,1,,,
Middletown,GRA19,Ohio,3904410,HAMILTON CITY,4,9745,5035,2145,2565,,,,,,,,,,,,,1,,,
Dayton,GRA11,Ohio,3904418,KETTERING CITY,4,7768,3759,1711,2298,,,,,,,,,,,,,1,,,
Cleveland,GRA09,Ohio,3904426,LORAIN CITY,5,7505,3473,1631,2401,,,,,,,,,,,,,1,,,
Canton,GRA05,Ohio,3904450,NORTH CANTON CITY,5,4725,1917,1050,1758,,,,,,,,,,,,,1,,,
Cleveland,GRA09,Ohio,3904463,PARMA CITY,2,11569,4743,2617,4209,,,,,,,,,,,,,1,,,
Columbus,GRA10,Ohio,3904480,SOUTH-WESTERN CITY,2,20895,9676,4851,6368,,,,,,,,,,,,,1,,,
Dayton,GRA11,Ohio,3904481,SPRINGFIELD CITY,5,7435,3867,1678,1890,,,,,,,,,,,,,1,,,
Akron,GRA02,Ohio,3904483,STOW-MUNROE FALLS CITY SCHOOL DISTRICT,3,5410,2323,1282,1805,,,,,,,,,,,,,1,,,
Toledo,GRA28,Ohio,3904487,SYLVANIA CITY,2,7596,3318,1738,2540,,,,,,,,,,,,,1,,,
Toledo,GRA28,Ohio,3904490,TOLEDO CITY,1,23115,12060,4778,6277,,,,,,,,,,,,,1,,,
Youngstown,GRA27,Ohio,3904499,WARREN CITY,2,5390,2659,1252,1479,,,,,,,,,,,,,1,,,
Columbus,GRA10,Ohio,3904504,WESTERVILLE CITY,5,14940,6848,3476,4616,,,,,,,,,,,,,1,,,
Cleveland,GRA09,Ohio,3904510,WILLOUGHBY-EASTLAKE CITY,3,8524,3701,1906,2917,,,,,,,,,,,,,1,,,
Youngstown,GRA27,Ohio,3904516,YOUNGSTOWN CITY SCHOOLS,1,5849,2870,1244,1735,,,,,,,,,,,,,1,,,
Cleveland,GRA09,Ohio,3904549,MENTOR EXEMPTED VILLAGE,4,8174,3525,1936,2713,,,,,,,,,,,,,1,,,
Toledo,GRA28,Ohio,3904558,PERRYSBURG EXEMPTED VILLAGE,5,4571,2203,1108,1260,,,,,,,,,,,,,1,,,
Middletown,GRA19,Ohio,3904610,FAIRFIELD CITY,3,9796,4631,2353,2812,,,,,,,,,,,,,1,,,
Middletown,GRA19,Ohio,3904611,LAKOTA LOCAL,1,17364,8178,4189,4997,,,,,,,,,,,,,1,,,
Columbus,GRA10,Ohio,3904676,OLENTANGY LOCAL,3,16690,8614,3897,4179,,,,,,,,,,,,,1,,,
Columbus,GRA10,Ohio,3904701,HILLIARD CITY,4,15464,7374,3520,4570,,,,,,,,,,,,,1,,,
Dayton,GRA11,Ohio,3904724,BEAVERCREEK CITY,3,7915,3583,1887,2445,,,,,,,,,,,,,1,,,
Cincinnati,GRA08,Ohio,3904736,NORTHWEST LOCAL,5,9212,4175,2164,2873,,,,,,,,,,,,,1,,,
Middletown,GRA19,Ohio,3904736,NORTHWEST LOCAL,5,9212,4175,2164,2873,,,,,,,,,,,,,1,,,
Toledo,GRA28,Ohio,3904823,WASHINGTON LOCAL,3,6736,3098,1558,2080,,,,,,,,,,,,,1,,,
Youngstown,GRA27,Ohio,3904829,AUSTINTOWN LOCAL,3,5250,2346,1310,1594,,,,,,,,,,,,,1,,,
Youngstown,GRA27,Ohio,3904830,BOARDMAN LOCAL,4,4559,2030,1020,1509,,,,,,,,,,,,,1,,,
Akron,GRA02,Ohio,3904985,JACKSON LOCAL,2,5824,2458,1451,1915,,,,,,,,,,,,,1,,,
Canton,GRA05,Ohio,3904985,JACKSON LOCAL,3,5824,2458,1451,1915,,,,,,,,,,,,,1,,,
Canton,GRA05,Ohio,3904992,PERRY LOCAL,4,4898,2170,1100,1628,,,,,,,,,,,,,1,,,
Canton,GRA05,Ohio,3904993,PLAIN LOCAL,2,6017,2657,1351,2009,,,,,,,,,,,,,1,,,
Akron,GRA02,Ohio,3905002,HUDSON CITY,5,4685,1904,1151,1630,,,,,,,,,,,,,1,,,
Cincinnati,GRA08,Ohio,3905045,MASON CITY SCHOOL DISTRICT,4,10931,4928,2754,3249,,,,,,,,,,,,,1,,,
Middletown,GRA19,Ohio,3905045,MASON CITY SCHOOL DISTRICT,2,10931,4928,2754,3249,,,,,,,,,,,,,1,,,
Toledo,GRA28,Ohio,3910000,FINDLAY CITY,4,5875,2600,1257,2018,,,,,,,,,,,,,1,,,
Tulsa,SWA13,Oklahoma,4005490,BROKEN ARROW,2,16985,8529,3769,4668,,,,,,,,,,,,,1,,,
Oklahoma City,SWA10,Oklahoma,4010590,EDMOND,3,21985,10628,4786,6569,,,,,,,,,,,,,1,,,
Tulsa,SWA13,Oklahoma,4015720,JENKS,4,10686,5171,2410,3105,,,,,,,,,,,,,1,,,
Oklahoma City,SWA10,Oklahoma,4020250,MOORE,2,22672,11294,5154,6221,,,,,,,,,,,,,1,,,
Oklahoma City,SWA10,Oklahoma,4021720,NORMAN,5,15022,7643,3174,3980,,,,,,,,,,,,,1,,,
Oklahoma City,SWA10,Oklahoma,4022770,OKLAHOMA CITY,1,43212,24934,8632,9397,,,,,,,,,,,,,1,,,
Tulsa,SWA13,Oklahoma,4023280,OWASSO,5,9336,4446,2204,2671,,,,,,,,,,,,,1,,,
Oklahoma City,SWA10,Oklahoma,4025290,PUTNAM CITY,4,19213,9834,4031,5348,,,,,,,,,,,,,1,,,
Tulsa,SWA13,Oklahoma,4030240,TULSA,1,41199,23756,8045,9112,,,,,,,,,,,,,1,,,
Tulsa,SWA13,Oklahoma,4030600,UNION,3,14990,7358,3290,4342,,,,,,,,,,,,,1,,,
Portland,WSA12,Oregon,4100023,HILLSBORO SD 1J,5,21286,10033,4749,6504,,,,,,,,,,,,,1,,,
Portland,WSA12,Oregon,4101920,BEAVERTON SD 48J,2,39736,18889,8984,11863,,,,,,,,,,,,,1,,,
Portland,WSA12,Oregon,4110040,PORTLAND SD 1J,1,46930,23963,9923,13044,,,,,,,,,,,,,1,,,
Fayette,GRA29,Pennsylvania,4202100,ALBERT GALLATIN AREA SD,2,3575,1617,868,1090,,,,,,,,,,,,,1,,,
Lehigh Valley,GRA16,Pennsylvania,4202280,ALLENTOWN CITY SD,2,17560,8788,3884,4888,,,,,,,,,,,,,1,,,
Beaver Butler Counties Board,GRA04,Pennsylvania,4202590,ARMSTRONG SD,3,5450,2498,1361,1591,,,,,,,,,,,,,1,,,
Westmoreland County Board,GRA25,Pennsylvania,4202590,ARMSTRONG SD,2,5450,2498,1361,1591,,,,,,,,,,,,,1,,,
Fayette,GRA29,Pennsylvania,4203210,BELLE VERNON AREA SD,5,2662,1150,635,876,,,,,,,,,,,,,1,,,
Adams,GRA01,Pennsylvania,4203450,BERMUDIAN SPRINGS SD,4,2031,922,465,644,,,,,,,,,,,,,1,,,
Lehigh Valley,GRA16,Pennsylvania,4203570,BETHLEHEM AREA SD,3,14427,6221,3458,4721,,,,,,,,,,,,,1,,,
Beaver Butler Counties Board,GRA04,Pennsylvania,4204590,BUTLER AREA SD,1,7473,3197,1802,2469,,,,,,,,,,,,,1,,,
Washington County and Mon Valley Board,GRA24,Pennsylvania,4204890,CANON-MCMILLAN SD,1,4958,2304,1161,1493,,,,,,,,,,,,,1,,,
Philadelphia,GRA22,Pennsylvania,4205310,CENTRAL BUCKS SD,2,20081,8476,4997,6608,,,,,,,,,,,,,1,,,
Capital Region,GRA06,Pennsylvania,4205400,CENTRAL DAUPHIN SD,1,10831,4998,2542,3291,,,,,,,,,,,,,1,,,
York,GRA26,Pennsylvania,4205490,CENTRAL YORK SD,3,5638,2609,1327,1702,,,,,,,,,,,,,1,,,
Franklin Fulton,GRA13,Pennsylvania,4205550,CHAMBERSBURG AREA SD,1,8667,4154,2072,2441,,,,,,,,,,,,,1,,,
Adams,GRA01,Pennsylvania,4206550,CONEWAGO VALLEY SD,1,3981,1771,946,1258,,,,,,,,,,,,,1,,,
Fayette,GRA29,Pennsylvania,4206660,CONNELLSVILLE AREA SD,1,4695,2210,1172,1313,,,,,,,,,,,,,1,,,
Lebanon,GRA15,Pennsylvania,4206840,CORNWALL-LEBANON SD,1,4669,2041,1066,1562,,,,,,,,,,,,,0,,,
Erie,GRA12,Pennsylvania,4207080,CRAWFORD CENTRAL SD,4,3890,1803,902,1164,,,,,,,,,,,,,1,,,
Youngstown,GRA27,Pennsylvania,4207080,CRAWFORD CENTRAL SD,5,3890,1803,902,1164,,,,,,,,,,,,,1,,,
Capital Region,GRA06,Pennsylvania,4207110,CUMBERLAND VALLEY SD,3,7849,3409,1861,2560,,,,,,,,,,,,,0,,,
York,GRA26,Pennsylvania,4207230,DALLASTOWN AREA SD,2,6036,2745,1418,1866,,,,,,,,,,,,,1,,,
Lebanon,GRA15,Pennsylvania,4208460,EASTERN LEBANON COUNTY SD,4,2457,1146,573,738,,,,,,,,,,,,,0,,,
Northeast PA,GRA21,Pennsylvania,4208670,EAST STROUDSBURG AREA SD,3,7666,3087,1824,2734,,,,,,,,,,,,,1,,,
Erie,GRA12,Pennsylvania,4209300,ERIE CITY SD,1,12324,5935,2622,3755,,,,,,,,,,,,,1,,,
Adams,GRA01,Pennsylvania,4210710,GETTYSBURG AREA SD,2,3023,1229,702,1092,,,,,,,,,,,,,1,,,
Westmoreland County Board,GRA25,Pennsylvania,4210980,GREATER LATROBE SD,5,4162,1789,1016,1357,,,,,,,,,,,,,1,,,
Franklin Fulton,GRA13,Pennsylvania,4211010,GREENCASTLE-ANTRIM SD,4,3003,1350,738,915,,,,,,,,,,,,,1,,,
Capital Region,GRA06,Pennsylvania,4211580,HARRISBURG CITY SD,4,6691,3468,1518,1705,,,,,,,,,,,,,1,,,
Lehigh Valley,GRA16,Pennsylvania,4211700,HAZLETON AREA SD,4,10337,4730,2362,3245,,,,,,,,,,,,,1,,,
Northeast PA,GRA21,Pennsylvania,4211700,HAZLETON AREA SD,1,10337,4730,2362,3245,,,,,,,,,,,,,1,,,
Westmoreland County Board,GRA25,Pennsylvania,4211760,HEMPFIELD AREA SD,1,6081,2688,1435,1958,,,,,,,,,,,,,1,,,
Lancaster,GRA14,Pennsylvania,4211790,HEMPFIELD  SD,2,6947,3083,1641,2223,,,,,,,,,,,,,1,,,
Beaver Butler Counties Board,GRA04,Pennsylvania,4212840,KISKI AREA SD,4,3869,1651,959,1259,,,,,,,,,,,,,1,,,
Lancaster,GRA14,Pennsylvania,4213140,LANCASTER SD,1,10851,5541,2325,2977,,,,,,,,,,,,,1,,,
Fayette,GRA29,Pennsylvania,4213320,LAUREL HIGHLANDS SD,3,3263,1450,741,1072,,,,,,,,,,,,,1,,,
Lebanon,GRA15,Pennsylvania,4213440,LEBANON SD,2,4598,2462,953,1183,,,,,,,,,,,,,1,,,
Adams,GRA01,Pennsylvania,4213980,LITTLESTOWN AREA SD,3,2062,909,481,672,,,,,,,,,,,,,1,,,
Lancaster,GRA14,Pennsylvania,4214580,MANHEIM TOWNSHIP SD,3,5926,2594,1473,1859,,,,,,,,,,,,,1,,,
Beaver Butler Counties Board,GRA04,Pennsylvania,4214790,MARS AREA SD,5,3161,1413,778,970,,,,,,,,,,,,,1,,,
Washington County and Mon Valley Board,GRA24,Pennsylvania,4214880,MCGUFFEY SD,5,1908,790,476,642,,,,,,,,,,,,,1,,,
Capital Region,GRA06,Pennsylvania,4215290,MIFFLIN COUNTY SD,5,5416,2391,1292,1682,,,,,,,,,,,,,1,,,
Erie,GRA12,Pennsylvania,4215330,MILLCREEK TOWNSHIP SD,2,7350,3092,1794,2428,,,,,,,,,,,,,1,,,
Allegheny,GRA03,Pennsylvania,4216110,MT LEBANON SD,3,5278,2300,1192,1785,,,,,,,,,,,,,1,,,
Allegheny,GRA03,Pennsylvania,4217010,NORTH ALLEGHENY SD,2,8199,3571,1972,2650,,,,,,,,,,,,,1,,,
Philadelphia,GRA22,Pennsylvania,4217280,NORTH PENN SD,3,12649,5605,2976,4068,,,,,,,,,,,,,1,,,
Lebanon,GRA15,Pennsylvania,4217640,NORTHERN LEBANON SD,5,2354,1030,560,764,,,,,,,,,,,,,1,,,
Allegheny,GRA03,Pennsylvania,4217940,NORWIN SD,4,5199,2334,1204,1640,,,,,,,,,,,,,1,,,
Westmoreland County Board,GRA25,Pennsylvania,4217940,NORWIN SD,3,5199,2334,1204,1640,,,,,,,,,,,,,1,,,
Lebanon,GRA15,Pennsylvania,4218390,PALMYRA AREA SD,3,3263,1531,803,929,,,,,,,,,,,,,1,,,
Lancaster,GRA14,Pennsylvania,4218630,PENN MANOR SD,4,5133,2217,1277,1639,,,,,,,,,,,,,1,,,
Westmoreland County Board,GRA25,Pennsylvania,4218660,PENN-TRAFFORD SD,4,4179,1749,971,1459,,,,,,,,,,,,,1,,,
Erie,GRA12,Pennsylvania,4218740,PENNCREST SD,5,3403,1326,866,1211,,,,,,,,,,,,,1,,,
Washington County and Mon Valley Board,GRA24,Pennsylvania,4218960,PETERS TOWNSHIP SD,2,4401,1867,1044,1490,,,,,,,,,,,,,1,,,
Philadelphia,GRA22,Pennsylvania,4218990,PHILADELPHIA CITY SD,1,154262,79701,31202,41923,,,,,,,,,,,,,1,,,
Allegheny,GRA03,Pennsylvania,4219170,PITTSBURGH SD,1,26653,13565,5730,7358,,,,,,,,,,,,,1,,,
Lehigh Valley,GRA16,Pennsylvania,4219500,POCONO MOUNTAIN SD,5,10176,4090,2435,3651,,,,,,,,,,,,,1,,,
Lehigh Valley,GRA16,Pennsylvania,4220040,READING SD,1,18060,9343,4033,4657,,,,,,,,,,,,,1,,,
York,GRA26,Pennsylvania,4220100,RED LION AREA SD,4,5586,2504,1368,1714,,,,,,,,,,,,,1,,,
Washington County and Mon Valley Board,GRA24,Pennsylvania,4220400,RINGGOLD SD,4,3036,1312,709,1015,,,,,,,,,,,,,1,,,
Northeast PA,GRA21,Pennsylvania,4221090,SCRANTON SD,2,9798,4902,2066,2830,,,,,,,,,,,,,1,,,
Allegheny,GRA03,Pennsylvania,4221200,SHALER AREA SD,5,4797,2016,1117,1663,,,,,,,,,,,,,1,,,
Franklin Fulton,GRA13,Pennsylvania,4221570,SHIPPENSBURG AREA SD,3,3439,1503,845,1088,,,,,,,,,,,,,1,,,
Beaver Butler Counties Board,GRA04,Pennsylvania,4222440,SENECA VALLEY SD,2,7257,3294,1692,2271,,,,,,,,,,,,,1,,,
Franklin Fulton,GRA13,Pennsylvania,4222740,TUSCARORA SD,5,2584,1156,642,786,,,,,,,,,,,,,1,,,
Washington County and Mon Valley Board,GRA24,Pennsylvania,4223760,TRINITY AREA SD,3,3313,1433,813,1067,,,,,,,,,,,,,1,,,
Fayette,GRA29,Pennsylvania,4224150,UNIONTOWN AREA SD,4,2912,1335,680,897,,,,,,,,,,,,,1,,,
Adams,GRA01,Pennsylvania,4224300,UPPER ADAMS SD,5,1662,755,373,534,,,,,,,,,,,,,1,,,
Philadelphia,GRA22,Pennsylvania,4224320,UPPER DARBY SD,4,12216,5657,2788,3693,,,,,,,,,,,,,1,,,
Erie,GRA12,Pennsylvania,4224820,WARREN COUNTY SD,3,4764,2033,1162,1569,,,,,,,,,,,,,1,,,
Lancaster,GRA14,Pennsylvania,4224960,WARWICK SD,5,4388,1908,1006,1474,,,,,,,,,,,,,1,,,
Franklin Fulton,GRA13,Pennsylvania,4225110,WAYNESBORO AREA SD,2,4328,2000,1068,1260,,,,,,,,,,,,,1,,,
Philadelphia,GRA22,Pennsylvania,4225290,WEST CHESTER AREA SD,5,11827,5080,2791,3956,,,,,,,,,,,,,1,,,
Capital Region,GRA06,Pennsylvania,4225830,WEST SHORE SD,2,7962,3612,1871,2479,,,,,,,,,,,,,1,,,
York,GRA26,Pennsylvania,4225830,WEST SHORE SD,1,7962,3612,1871,2479,,,,,,,,,,,,,1,,,
Northeast PA,GRA21,Pennsylvania,4226300,WILKES-BARRE AREA SD,4,7044,3130,1672,2239,,,,,,,,,,,,,1,,,
Northeast PA,GRA21,Pennsylvania,4226460,WILLIAMSPORT AREA SD,5,5436,2565,1216,1655,,,,,,,,,,,,,1,,,
York,GRA26,Pennsylvania,4226820,YORK CITY SD,5,5196,3104,1042,1050,,,,,,,,,,,,,1,,,
Rhode Island,FDA13,Rhode Island,4400240,CRANSTON,3,10683,4960,2272,3451,,,,,,,,,,,,,1,,,
Rhode Island,FDA13,Rhode Island,4400900,PROVIDENCE,1,23518,11836,4767,6915,,,,,,,,,,,,,1,,,
Rhode Island,FDA13,Rhode Island,4401110,WARWICK,4,9977,4507,2245,3225,,,,,,,,,,,,,1,,,
Columbia,MAA07,South Carolina,4500720,AIKEN 01,2,24729,12207,5563,6959,,,,,,,,,,,,,1,,,
Columbia,MAA07,South Carolina,4502700,LEXINGTON 01,4,22990,10949,5380,6661,,,,,,,,,,,,,1,,,
Columbia,MAA07,South Carolina,4502820,LEXINGTON 05,5,16560,7302,4026,5232,,,,,,,,,,,,,1,,,
Columbia,MAA07,South Carolina,4503360,RICHLAND 01,3,23942,12257,5190,6495,,,,,,,,,,,,,1,,,
Columbia,MAA07,South Carolina,4503390,RICHLAND 02,1,25954,12090,6079,7785,,,,,,,,,,,,,1,,,
Charlotte,MAA01,South Carolina,4503870,YORK 03,5,17217,8323,3938,4956,,,,,,,,,,,,,1,,,
Memphis,GSA06,Tennessee,4702940,MEMPHIS,1,110952,54450,24232,32270,,,,,,,,,,,,,1,,,
Rutherford County,GSA13,Tennessee,4703150,MURFREESBORO,2,7581,6897,684,0,,,,,,,,,,,,,1,,,
Nashville,GSA08,Tennessee,4703180,DAVIDSON COUNTY,1,80393,42544,16854,20995,,,,,,,,,,,,,1,,,
Nashville,GSA08,Tennessee,4703600,ROBERTSON COUNTY,5,11457,5612,2651,3194,,,,,,,,,,,,,1,,,
Rutherford County,GSA13,Tennessee,4703690,RUTHERFORD COUNTY,1,39608,16424,10009,13175,,,,,,,,,,,,,1,,,
Memphis,GSA06,Tennessee,4703810,SHELBY COUNTY,2,46423,20615,11175,14633,,,,,,,,,,,,,1,,,
Nashville,GSA08,Tennessee,4704020,SUMNER COUNTY,3,28361,13230,6679,8452,,,,,,,,,,,,,1,,,
Memphis,GSA06,Tennessee,4704080,TIPTON COUNTY,4,11988,5485,2895,3608,,,,,,,,,,,,,1,,,
Nashville,GSA08,Tennessee,4704530,WILLIAMSON COUNTY,2,32983,15375,7172,10436,,,,,,,,,,,,,1,,,
Nashville,GSA08,Tennessee,4704550,WILSON COUNTY,4,20075,7884,4546,7645,,,,,,,,,,,,,1,,,
Houston,SWA07,Texas,4807710,ALDINE ISD,4,64300,35601,13328,15371,,,,,,,,,,,,,1,,,
Tarrant County,SWA12,Texas,4808700,ARLINGTON ISD,2,64703,33475,13827,17401,,,,,,,,,,,,,1,,,
Austin,SWA02,Texas,4808940,AUSTIN ISD,1,86528,48944,16977,20607,,,,,,,,,,,,,1,,,
Tarrant County,SWA12,Texas,4810230,BIRDVILLE ISD,5,23711,11850,5198,6663,,,,,,,,,,,,,1,,,
Corpus Christi,SWA04,Texas,4812420,CALALLEN ISD,4,3954,1801,949,1204,,,,,,,,,,,,,1,,,
Austin,SWA02,Texas,4814730,COMAL ISD,5,17817,8514,4098,5205,,,,,,,,,,,,,1,,,
San Antonio,SWA11,Texas,4814730,COMAL ISD,5,17817,8514,4098,5205,,,,,,,,,,,,,1,,,
Montgomery County,SWA14,Texas,4815000,CONROE ISD,1,52664,26017,11802,14845,,,,,,,,,,,,,1,,,
Corpus Christi,SWA04,Texas,4815270,CORPUS CHRISTI ISD,1,38678,19809,8625,10244,,,,,,,,,,,,,1,,,
Houston,SWA07,Texas,4816110,CYPRESS-FAIRBANKS ISD,2,107960,52604,24352,31004,,,,,,,,,,,,,1,,,
Dallas,SWA05,Texas,4816230,DALLAS ISD,1,157575,88078,31479,38018,,,,,,,,,,,,,1,,,
Corpus Christi,SWA04,Texas,4819380,FLOUR BLUFF ISD,2,5633,2419,1380,1834,,,,,,,,,,,,,1,,,
Houston,SWA07,Texas,4819650,FORT BEND ISD,3,69449,31087,16056,22306,,,,,,,,,,,,,1,,,
Tarrant County,SWA12,Texas,4819700,FORT WORTH ISD,1,83109,46761,17096,19252,,,,,,,,,,,,,1,,,
Dallas,SWA05,Texas,4820010,FRISCO ISD,5,40123,21671,9089,9363,,,,,,,,,,,,,1,,,
Dallas,SWA05,Texas,4820340,GARLAND ISD,2,58151,27942,12893,17316,,,,,,,,,,,,,1,,,
Corpus Christi,SWA04,Texas,4821780,GREGORY-PORTLAND ISD,3,4441,2048,1045,1348,,,,,,,,,,,,,1,,,
Houston,SWA07,Texas,4823640,HOUSTON ISD,1,203066,115822,38830,48414,,,,,,,,,,,,,1,,,
Montgomery County,SWA14,Texas,4823910,HUMBLE ISD,2,36076,16822,8266,10988,,,,,,,,,,,,,1,,,
San Antonio,SWA11,Texas,4824990,JUDSON ISD,4,22503,11185,5125,6193,,,,,,,,,,,,,1,,,
Houston,SWA07,Texas,4825170,KATY ISD,5,62414,29619,14401,18394,,,,,,,,,,,,,1,,,
Tarrant County,SWA12,Texas,4825260,KELLER ISD,3,33130,15660,7863,9607,,,,,,,,,,,,,1,,,
Austin,SWA02,Texas,4827030,LEANDER ISD,3,33309,16636,7773,8900,,,,,,,,,,,,,1,,,
Dallas,SWA05,Texas,4827300,LEWISVILLE ISD,4,51920,24581,12155,15184,,,,,,,,,,,,,1,,,
Montgomery County,SWA14,Texas,4828740,MAGNOLIA ISD,3,12016,5674,2781,3561,,,,,,,,,,,,,1,,,
Tarrant County,SWA12,Texas,4828920,MANSFIELD ISD,4,32564,15386,7569,9609,,,,,,,,,,,,,1,,,
Montgomery County,SWA14,Texas,4832400,NEW CANEY ISD,5,10884,5649,2470,2765,,,,,,,,,,,,,1,,,
San Antonio,SWA11,Texas,4832940,NORTH EAST ISD,2,67439,31734,15377,20328,,,,,,,,,,,,,1,,,
San Antonio,SWA11,Texas,4833120,NORTHSIDE ISD,1,98110,48905,21711,27494,,,,,,,,,,,,,1,,,
Austin,SWA02,Texas,4834830,PFLUGERVILLE ISD,4,23070,11393,5075,6602,,,,,,,,,,,,,1,,,
Dallas,SWA05,Texas,4835100,PLANO ISD,3,55659,26714,12706,16239,,,,,,,,,,,,,1,,,
Austin,SWA02,Texas,4838080,ROUND ROCK ISD,2,45034,22343,10074,12617,,,,,,,,,,,,,1,,,
San Antonio,SWA11,Texas,4838730,SAN ANTONIO ISD,3,54394,30747,10663,12984,,,,,,,,,,,,,1,,,
Montgomery County,SWA14,Texas,4842960,TOMBALL ISD,4,11125,5513,2513,3099,,,,,,,,,,,,,1,,,
Corpus Christi,SWA04,Texas,4843350,TULOSO-MIDWAY ISD,5,3588,1662,832,1094,,,,,,,,,,,,,1,,,
Utah Division,WSA22,Utah,4900142,CANYONS DISTRICT,4,33946,15999,7595,10352,,,,,,,,,,,,,1,,,
Utah Division,WSA22,Utah,4900210,DAVIS DISTRICT,1,69285,34433,15404,19448,,,,,,,,,,,,,1,,,
Utah Division,WSA22,Utah,4900360,GRANITE DISTRICT,2,69252,34837,15469,18946,,,,,,,,,,,,,1,,,
Utah Division,WSA22,Utah,4900420,JORDAN DISTRICT,3,50961,24893,11385,14683,,,,,,,,,,,,,1,,,
Utah Division,WSA22,Utah,4900870,SALT LAKE DISTRICT,5,25016,13410,5006,6600,,,,,,,,,,,,,1,,,
Vermont,FDA17,Vermont,5002820,BURLINGTON SCHOOL DISTRICT,1,3958,2121,783,1054,,,,,,,,,,,,,1,,,
Vermont,FDA17,Vermont,5003240,COLCHESTER SCHOOL DISTRICT,3,2111,940,507,664,,,,,,,,,,,,,1,,,
Vermont,FDA17,Vermont,5005610,MILTON INCORPORATED SCHOOL DISTRICT,4,1722,793,382,547,,,,,,,,,,,,,1,,,
Vermont,FDA17,Vermont,5005840,MOUNT MANSFIELD USD #17,5,1707,199,579,929,,,,,,,,,,,,,1,,,
Vermont,FDA17,Vermont,5007470,SOUTH BURLINGTON SCHOOL DISTRICT,2,2490,1170,540,780,,,,,,,,,,,,,1,,,
Hampton Roads,MAA04,Virginia,5100810,CHESAPEAKE CITY PBLC SCHS,2,39468,17381,9247,12840,,,,,,,,,,,,,1,,,
Richmond,MAA05,Virginia,5100840,CHESTERFIELD CO PBLC SCHS,1,59200,26514,13858,18828,,,,,,,,,,,,,1,,,
Greater Washington Region,MAA03,Virginia,5101260,FAIRFAX CO PBLC SCHS,1,177606,83041,39201,55364,,,,,,,,,,,,,1,,,
Hampton Roads,MAA04,Virginia,5101800,HAMPTON CITY PBLC SCHS,5,21588,10072,4755,6761,,,,,,,,,,,,,1,,,
Richmond,MAA05,Virginia,5101830,HANOVER CO PBLC SCHS,4,18531,8138,4372,6021,,,,,,,,,,,,,1,,,
Richmond,MAA05,Virginia,5101890,HENRICO CO PBLC SCHS,2,49654,23269,11347,15038,,,,,,,,,,,,,1,,,
Greater Washington Region,MAA03,Virginia,5102250,LOUDOUN CO PBLC SCHS,5,65585,32719,14812,18054,,,,,,,,,,,,,1,,,
Hampton Roads,MAA04,Virginia,5102640,NEWPORT NEWS CITY PBLC SCHS,4,29948,15380,6211,8357,,,,,,,,,,,,,1,,,
Hampton Roads,MAA04,Virginia,5102670,NORFOLK CITY PBLC SCHS,3,33461,18351,6778,8332,,,,,,,,,,,,,1,,,
Richmond,MAA05,Virginia,5103090,PRINCE GEORGE CO PBLC SCHS,5,6438,3005,1563,1870,,,,,,,,,,,,,1,,,
Greater Washington Region,MAA03,Virginia,5103130,PRINCE WILLIAM CO PBLC SCHS,4,81937,39392,18506,24039,,,,,,,,,,,,,1,,,
Richmond,MAA05,Virginia,5103240,RICHMOND CITY PBLC SCHS,3,23336,13120,4639,5577,,,,,,,,,,,,,1,,,
Hampton Roads,MAA04,Virginia,5103840,VA BEACH CITY PBLC SCHS,1,70978,32977,16133,21868,,,,,,,,,,,,,1,,,
Tacoma,WSA20,Washington,5300300,AUBURN SCHOOL DISTRICT,4,14508,6416,3139,4953,,,,,,,,,,,,,1,,,
Tacoma,WSA20,Washington,5300480,BETHEL SCHOOL DISTRICT,3,17962,8080,4264,5618,,,,,,,,,,,,,1,,,
Tacoma,WSA20,Washington,5301410,CLOVER PARK SCHOOL DISTRICT,5,12358,6979,2536,2843,,,,,,,,,,,,,1,,,
Seattle,WSA18,Washington,5302400,EDMONDS SCHOOL DISTRICT,5,20587,9189,4557,6841,,,,,,,,,,,,,1,,,
Portland,WSA12,Washington,5302700,EVERGREEN SCHOOL DISTRICT (CLARK),3,26333,11625,6321,8387,,,,,,,,,,,,,1,,,
Seattle,WSA18,Washington,5302820,FEDERAL WAY SCHOOL DISTRICT,4,22279,9877,5152,7250,,,,,,,,,,,,,1,,,
Seattle,WSA18,Washington,5303960,KENT SCHOOL DISTRICT,2,27160,12073,6342,8745,,,,,,,,,,,,,1,,,
Seattle,WSA18,Washington,5304230,LAKE WASHINGTON SCHOOL DISTRICT,3,24924,12574,5583,6767,,,,,,,,,,,,,1,,,
Tacoma,WSA20,Washington,5306960,PUYALLUP SCHOOL DISTRICT,2,20810,9048,5021,6741,,,,,,,,,,,,,1,,,
Seattle,WSA18,Washington,5307710,SEATTLE PUBLIC SCHOOLS,1,49269,25631,10005,13633,,,,,,,,,,,,,1,,,
Tacoma,WSA20,Washington,5308700,TACOMA SCHOOL DISTRICT,1,28540,13883,6211,8446,,,,,,,,,,,,,1,,,
Portland,WSA12,Washington,5309270,VANCOUVER SCHOOL DISTRICT,4,22713,10623,5101,6989,,,,,,,,,,,,,1,,,
Charleston,GRA07,West Virginia,5400090,BOONE COUNTY  SCHOOLS,3,4553,2321,990,1242,,,,,,,,,,,,,1,,,
Charleston,GRA07,West Virginia,5400240,CLAY COUNTY SCHOOLS,5,2047,998,447,602,,,,,,,,,,,,,1,,,
Charleston,GRA07,West Virginia,5400600,KANAWHA COUNTY SCHOOLS,1,28429,14048,6380,8001,,,,,,,,,,,,,1,,,
Charleston,GRA07,West Virginia,5400660,LINCOLN COUNTY SCHOOLS,4,3689,1948,849,892,,,,,,,,,,,,,1,,,
Charleston,GRA07,West Virginia,5401200,PUTNAM COUNTY SCHOOLS,2,9779,4827,2211,2741,,,,,,,,,,,,,1,,,
Milwaukee,MWA06,Wisconsin,5501770,ELMBROOK SCHOOL DISTRICT,5,7154,2817,1729,2608,,,,,,,,,,,,,1,,,
Chicago,MWA01,Wisconsin,5507320,KENOSHA SCHOOL DISTRICT,5,22905,10978,5043,6884,,,,,,,,,,,,,1,,,
Madison,MWA11,Wisconsin,5508520,MADISON METROPOLITAN SCHOOL DISTRICT,1,26817,14201,5144,7472,,,,,,,,,,,,,1,,,
Madison,MWA11,Wisconsin,5509510,MIDDLETON-CROSS PLAINS AREA SCHOOL DISTRICT,3,6446,3027,1382,2037,,,,,,,,,,,,,1,,,
Milwaukee,MWA06,Wisconsin,5509600,MILWAUKEE SCHOOL DISTRICT,1,79130,41852,15629,21649,,,,,,,,,,,,,1,,,
Madison,MWA11,Wisconsin,5514640,SUN PRAIRIE AREA SCHOOL DISTRICT,2,7095,3642,1481,1972,,,,,,,,,,,,,1,,,
Madison,MWA11,Wisconsin,5515330,VERONA AREA SCHOOL DISTRICT,4,4892,2284,1083,1525,,,,,,,,,,,,,1,,,
Milwaukee,MWA06,Wisconsin,5515780,WAUKESHA SCHOOL DISTRICT,2,13770,6378,2895,4497,,,,,,,,,,,,,1,,,
Madison,MWA11,Wisconsin,5515810,WAUNAKEE COMMUNITY SCHOOL DISTRICT,5,3874,1870,868,1136,,,,,,,,,,,,,1,,,
Milwaukee,MWA06,Wisconsin,5515990,WAUWATOSA SCHOOL DISTRICT,4,7275,3446,1541,2288,,,,,,,,,,,,,1,,,
Milwaukee,MWA06,Wisconsin,5516260,WEST ALLIS-WEST MILWAUKEE SCHOOL DISTRICT,3,9281,4275,1829,3177,,,,,,,,,,,,,1,,,
